Workbook

Sheet Corpus selection
A1: ID | B1: Source file | C1: Post # in file | D1: Page (stratum) | E1: Caption author | F1: Caption img | G1: Comment imgs | H1: Age shown | I1: Likes / comments shown | J1: Topic fit | K1: Comment A type | L1: Comment B type | M1: Decision | N1: Reason / action
A2: M01 | B2: MENTAL | C2: 1 | D2: Page 1 | E2: Page 2 | F2: 1 | G2: 2,3 | H2: 124w | I2: Meets minimum (per researcher) | J2: Yes | K2: S | L2: S | M2: Retain - spare used | N2: Spare used to reach 30. Ambassador post (caption author Page 2) shown on Page 1.
A3: M02 | B3: MENTAL | C3: 2 | D3: Page 1 | E3: Page 1 | F3: 4 | G3: 5,6 | H3: 125w | I3: Meets minimum (per researcher) | J3: Yes | K3: S | L3: N | M3: Retain | N3: Short caption. Both comment kinds present.
A4: M03 | B4: MENTAL | C4: 3 | D4: Page 1 | E4: Page 1 | F4: 7 | G4: 8,9 | H4: 125w | I4: Meets minimum (per researcher) | J4: Yes | K4: N | L4: S | M4: Retain | N4: Both comment kinds present. Comment A (img 8) discloses a spouse's suicidality. Sensitive.
A5: M04 | B5: MENTAL | C5: 4 | D5: Page 1 | E5: Page 1 | F5: 10 | G5: 11,12 | H5: 126w | I5: Meets minimum (per researcher) | J5: Yes | K5: S | L5: S | M5: Retain | N5: Both comments supportive.
A6: M05 | B6: MENTAL | C6: 5 | D6: Page 1 | E6: Page 3 | F6: 13 | G6: 14,15 | H6: 128w | I6: Meets minimum (per researcher) | J6: No (caregiving campaign) | K6: ? | L6: ? | M6: Exclude | N6: Content: promotes a caregiving film campaign. It is not clearly about mental health, and the comments are about rare disease and Alzheimer's care.
A7: M06 | B7: MENTAL | C7: 6 | D7: Page 1 | E7: Page 1 | F7: 16 | G7: 17,18 | H7: 129w | I7: Meets minimum (per researcher) | J7: Yes | K7: N | L7: N? | M7: Retain | N7: Comment B (img 18) is a personal disclosure with stacked hashtags. Check how to code it.
A8: M07 | B8: MENTAL | C8: 7 | D8: Page 1 | E8: Page 4 | F8: 19 | G8: 20,21 | H8: 129w | I8: Meets minimum (per researcher) | J8: Yes | K8: N | L8: X | M8: Spare | N8: Ambassador post (caption author Page 4). Comment B (img 21) is about a different post (newsroom reach), not this caption.
A9: M08 | B9: MENTAL | C9: 8 | D9: Page 1 | E9: Page 1 | F9: 22 | G9: 23,24 | H9: 131w | I9: Meets minimum (per researcher) | J9: Yes | K9: S | L9: S | M9: Retain | N9: Short caption. Both comments supportive.
A10: M09 | B10: MENTAL | C10: 9 | D10: Page 5 | E10: Page 5 | F10: 25 | G10: 26,27 | H10: 51w | I10: Meets minimum (per researcher) | J10: Yes | K10: S | L10: S | M10: Retain - spare used | N10: Spare used to reach 30. Comment B (img 27) is cut off in the screenshot. Recapture it in full.
A11: M10 | B11: MENTAL | C11: 10 | D11: Page 5 | E11: Page 5 | F11: 28 | G11: 29,30 | H11: 53w | I11: Meets minimum (per researcher) | J11: Yes | K11: S | L11: X | M11: Spare | N11: Comment B (img 30) asks how to become a peer supporter. It is neither support nor a personal story. Swap it.
A12: M11 | B12: MENTAL | C12: 11 | D12: Page 5 | E12: Page 5 | F12: 31 | G12: 32,33 | H12: 54w | I12: Meets minimum (per researcher) | J12: Yes | K12: S | L12: S | M12: Retain - spare used | N12: Spare used to reach 30. Both comments come from organizational accounts and the caption is mostly informational.
A13: M12 | B13: MENTAL | C13: 12 | D13: Page 5 | E13: Page 5 | F13: 34 | G13: 35,36 | H13: 55w | I13: Meets minimum (per researcher) | J13: Yes | K13: S | L13: S | M13: Retain | N13: Commenter 023 (img 36) also appears in M16.
... A38: C07 | B38: CORPS | C38: 7 | D38: Page 11 | E38: Page 11 | F38: 19 | G38: 20,21 | H38: Jan 11, 2025 | I38: 32.2K likes / 96 comments | J38: Yes | K38: S | L38: N | M38: Retain | N38: Both comment kinds present.

Sheet Page balance
A1: Target posts per page | B1: 5 | C1: Input. 6 pages x 5 posts = 30. Pages above target are there because spares were used to reach the cap.
A2: Corpus cap (captions) | B2: 30 | C2: Input. From the proposal: maximum of 30 captions.
A4: Page (stratum) | B4: Posts in file | C4: Excluded | D4: Retained (incl. swap) | E4: Hold | F4: Spare | G4: Open slots to reach target | H4: Most available if holds and spares are used
A5: Page 1 | B5: =COUNTIF('Corpus selection'!$D$2:$D$38,A5) -> 8 | C5: =COUNTIFS('Corpus selection'!$D$2:$D$38,A5,'Corpus selection'!$M$2:$M$38,"Exclude") -> 1 | D5: =COUNTIFS('Corpus selection'!$D$2:$D$38,A5,'Corpus selection'!$M$2:$M$38,"Retain*") -> 6 | E5: =COUNTIFS('Corpus selection'!$D$2:$D$38,A5,'Corpus selection'!$M$2:$M$38,"Hold") -> 0 | F5: =COUNTIFS('Corpus selection'!$D$2:$D$38,A5,'Corpus selection'!$M$2:$M$38,"Spare") -> 1 | G5: =MAX(0,$B$1-D5) -> 0 | H5: =D5+E5+F5 -> 7
A6: Page 5 | B6: =COUNTIF('Corpus selection'!$D$2:$D$38,A6) -> 8 | C6: =COUNTIFS('Corpus selection'!$D$2:$D$38,A6,'Corpus selection'!$M$2:$M$38,"Exclude") -> 0 | D6: =COUNTIFS('Corpus selection'!$D$2:$D$38,A6,'Corpus selection'!$M$2:$M$38,"Retain*") -> 7 | E6: =COUNTIFS('Corpus selection'!$D$2:$D$38,A6,'Corpus selection'!$M$2:$M$38,"Hold") -> 0 | F6: =COUNTIFS('Corpus selection'!$D$2:$D$38,A6,'Corpus selection'!$M$2:$M$38,"Spare") -> 1 | G6: =MAX(0,$B$1-D6) -> 0 | H6: =D6+E6+F6 -> 8
A7: Page 7 | B7: =COUNTIF('Corpus selection'!$D$2:$D$38,A7) -> 8 | C7: =COUNTIFS('Corpus selection'!$D$2:$D$38,A7,'Corpus selection'!$M$2:$M$38,"Exclude") -> 4 | D7: =COUNTIFS('Corpus selection'!$D$2:$D$38,A7,'Corpus selection'!$M$2:$M$38,"Retain*") -> 4 | E7: =COUNTIFS('Corpus selection'!$D$2:$D$38,A7,'Corpus selection'!$M$2:$M$38,"Hold") -> 0 | F7: =COUNTIFS('Corpus selection'!$D$2:$D$38,A7,'Corpus selection'!$M$2:$M$38,"Spare") -> 0 | G7: =MAX(0,$B$1-D7) -> 1 | H7: =D7+E7+F7 -> 4
A8: Page 8 | B8: =COUNTIF('Corpus selection'!$D$2:$D$38,A8) -> 4 | C8: =COUNTIFS('Corpus selection'!$D$2:$D$38,A8,'Corpus selection'!$M$2:$M$38,"Exclude") -> 0 | D8: =COUNTIFS('Corpus selection'!$D$2:$D$38,A8,'Corpus selection'!$M$2:$M$38,"Retain*") -> 4 | E8: =COUNTIFS('Corpus selection'!$D$2:$D$38,A8,'Corpus selection'!$M$2:$M$38,"Hold") -> 0 | F8: =COUNTIFS('Corpus selection'!$D$2:$D$38,A8,'Corpus selection'!$M$2:$M$38,"Spare") -> 0 | G8: =MAX(0,$B$1-D8) -> 1 | H8: =D8+E8+F8 -> 4
A9: Page 10 | B9: =COUNTIF('Corpus selection'!$D$2:$D$38,A9) -> 2 | C9: =COUNTIFS('Corpus selection'!$D$2:$D$38,A9,'Corpus selection'!$M$2:$M$38,"Exclude") -> 0 | D9: =COUNTIFS('Corpus selection'!$D$2:$D$38,A9,'Corpus selection'!$M$2:$M$38,"Retain*") -> 2 | E9: =COUNTIFS('Corpus selection'!$D$2:$D$38,A9,'Corpus selection'!$M$2:$M$38,"Hold") -> 0 | F9: =COUNTIFS('Corpus selection'!$D$2:$D$38,A9,'Corpus selection'!$M$2:$M$38,"Spare") -> 0 | G9: =MAX(0,$B$1-D9) -> 3 | H9: =D9+E9+F9 -> 2
A10: Page 11 | B10: =COUNTIF('Corpus selection'!$D$2:$D$38,A10) -> 7 | C10: =COUNTIFS('Corpus selection'!$D$2:$D$38,A10,'Corpus selection'!$M$2:$M$38,"Exclude") -> 0 | D10: =COUNTIFS('Corpus selection'!$D$2:$D$38,A10,'Corpus selection'!$M$2:$M$38,"Retain*") -> 7 | E10: =COUNTIFS('Corpus selection'!$D$2:$D$38,A10,'Corpus selection'!$M$2:$M$38,"Hold") -> 0 | F10: =COUNTIFS('Corpus selection'!$D$2:$D$38,A10,'Corpus selection'!$M$2:$M$38,"Spare") -> 0 | G10: =MAX(0,$B$1-D10) -> 0 | H10: =D10+E10+F10 -> 7
A11: Total | B11: =SUM(B5:B10) -> 37 | C11: =SUM(C5:C10) -> 5 | D11: =SUM(D5:D10) -> 30 | E11: =SUM(E5:E10) -> 0 | F11: =SUM(F5:F10) -> 2 | G11: =SUM(G5:G10) -> 5 | H11: =SUM(H5:H10) -> 32
A13: Gap between retained and the cap | D13: =$B$2-D11 -> 0
A14: Gap if every hold and spare is used | D14: =$B$2-H11 -> -2
A16: Page codes match the anonymized file: Page 1 = first page group in MENTAL, Page 5 = second, Page 7 = third, Page 8 = fourth (posts written by Page 9), Page 10 = last group (heading blank in your file), Page 11 = all of CORPS.

Sheet Crosswalk
A1: Label | B1: Source post | C1: Page code in anonymized file | D1: Image no. | E1: Author code in anonymized file
A2: P1_C1 | B2: M01 | C2: Page 1 | D2: 1 | E2: Page 2
A3: P1_C1_X1 | B3: M01 | C3: Page 1 | D3: 2 | E3: Commenter 001
A4: P1_C1_X2 | B4: M01 | C4: Page 1 | D4: 3 | E4: Commenter 002
A5: P1_C2 | B5: M02 | C5: Page 1 | D5: 4 | E5: Page 1
A6: P1_C2_X1 | B6: M02 | C6: Page 1 | D6: 5 | E6: Commenter 003
A7: P1_C2_X2 | B7: M02 | C7: Page 1 | D7: 6 | E7: Commenter 004
A8: P1_C3 | B8: M03 | C8: Page 1 | D8: 7 | E8: Page 1
A9: P1_C3_X1 | B9: M03 | C9: Page 1 | D9: 8 | E9: Commenter 005
A10: P1_C3_X2 | B10: M03 | C10: Page 1 | D10: 9 | E10: Commenter 006
A11: P1_C4 | B11: M04 | C11: Page 1 | D11: 10 | E11: Page 1
A12: P1_C4_X1 | B12: M04 | C12: Page 1 | D12: 11 | E12: Commenter 007
... A53: P4_C1 | B53: M25 | C53: Page 8 | D53: 69 | E53: Page 9
A54: P4_C1_X1 | B54: M25 | C54: Page 8 | D54: to be added
A55: P4_C1_X2 | B55: M25 | C55: Page 8 | D55: 71 | E55: Commenter 047
A56: P4_C2 | B56: M26 | C56: Page 8 | D56: 72 | E56: Page 9
A57: P4_C2_X1 | B57: M26 | C57: Page 8 | D57: to be added
A58: P4_C2_X2 | B58: M26 | C58: Page 8 | D58: 74 | E58: Commenter 049
A59: P4_C3 | B59: M27 | C59: Page 8 | D59: 75 | E59: Page 9
A60: P4_C3_X1 | B60: M27 | C60: Page 8 | D60: 76 | E60: Commenter 050
A61: P4_C3_X2 | B61: M27 | C61: Page 8 | D61: 77 | E61: Commenter 051
A62: P4_C4 | B62: M28 | C62: Page 8 | D62: 78 | E62: Page 9
A63: P4_C4_X1 | B63: M28 | C63: Page 8 | D63: to be added
A64: P4_C4_X2 | B64: M28 | C64: Page 8 | D64: to be added
A65: P5_C1 | B65: M29 | C65: Page 10 | D65: 80 | E65: Page 10
A66: P5_C1_X1 | B66: M29 | C66: Page 10 | D66: 81a | E66: Commenter 054
A67: P5_C1_X2 | B67: M29 | C67: Page 10 | D67: 81b | E67: Commenter 055
A68: P5_C2 | B68: M30 | C68: Page 10 | D68: 82 | E68: Page 10
A69: P5_C2_X1 | B69: M30 | C69: Page 10 | D69: 83 | E69: Commenter 056
A70: P5_C2_X2 | B70: M30 | C70: Page 10 | D70: 84 | E70: Commenter 057
A71: P6_C1 | B71: C01 | C71: Page 11 | D71: 1 | E71: Page 11
A72: P6_C1_X1 | B72: C01 | C72: Page 11 | D72: 2 | E72: Commenter 058
A73: P6_C1_X2 | B73: C01 | C73: Page 11 | D73: 3 | E73: Commenter 059
A74: P6_C2 | B74: C02 | C74: Page 11 | D74: 4 | E74: Page 12
A75: P6_C2_X1 | B75: C02 | C75: Page 11 | D75: 5 | E75: Commenter 060
A76: P6_C2_X2 | B76: C02 | C76: Page 11 | D76: 6 | E76: Commenter 061
... A91: P6_C7_X2 | B91: C07 | C91: Page 11 | D91: 21 | E91: Commenter 072

Sheet Assumptions
A1: Assumptions and limits
A3: Date window (Sep 2024 to Dec 2025) and engagement (100 likes, 20 visible comments) are treated as met for every post, as confirmed by the researcher. Only content, comment eligibility and page balance were screened.
A4: Posts are excluded only on content: off-topic for mental health awareness, support, coping, recovery or advocacy. A weak captured comment is treated as a swap, because the proposal selects comments from all visible comments.
A5: Comment types: S = supportive, N = personal narrative, N? or ? = ambiguous, X = does not meet the proposal rule (question, spam or solicitation, or not a response to the caption).
A6: Comment checks use the proposal rule: English, at least ten words or one full clause, not emoji-only, not nested replies. Whether a captured comment is a nested reply cannot be seen in every screenshot.
A7: Where a page has more eligible posts than the target, I kept the posts written by the page itself and set collab or ambassador posts aside as spares.
A8: Page and commenter codes match MENTAL_and_CORPS_anonymized.docx. In that file, M-numbers are the "Post N" headings in the MENTAL part and C-numbers are the "Post N" headings in the CORPS part.
